"","X","mean_fit_time","std_fit_time","mean_score_time","std_score_time","param_preprocessor__num__scaler","param_preprocessor__num__imputer","param_preprocessor__cat__encoder","param_model__weights","param_model__n_neighbors","param_model__leaf_size","param_model__algorithm","param_model","params","split0_test_score","split1_test_score","split2_test_score","split3_test_score","split4_test_score","mean_test_score","std_test_score","rank_test_score"
"1",0,0.0351737022399902,0.0207972989170925,0.0221055507659912,0.00940063457535027,"StandardScaler","SimpleImputer","OneHotEncoder","uniform",19,21,"kd_tree","KNeighborsClassifier","{'preprocessor__num__scaler': StandardScaler(), 'preprocessor__num__imputer': SimpleImputer(), 'preprocessor__cat__encoder': OneHotEncoder(handle_unknown='ignore'), 'model__weights': 'uniform', 'model__n_neighbors': 19, 'model__leaf_size': 21, 'model__algorithm': 'kd_tree', 'model': KNeighborsClassifier(algorithm='kd_tree', leaf_size=191, n_neighbors=7,
                     weights='distance')}",0.9,0.966666666666667,0.933333333333333,0.933333333333333,1,0.946666666666667,0.0339934634239519,30
"2",1,0.0255772113800049,0.00260469442784008,0.0262659072875977,0.00669382805564376,"MinMaxScaler","KNNImputer","OneHotEncoder","uniform",49,146,"ball_tree","KNeighborsClassifier","{'preprocessor__num__scaler': MinMaxScaler(), 'preprocessor__num__imputer': KNNImputer(), 'preprocessor__cat__encoder': OneHotEncoder(handle_unknown='ignore'), 'model__weights': 'uniform', 'model__n_neighbors': 49, 'model__leaf_size': 146, 'model__algorithm': 'ball_tree', 'model': KNeighborsClassifier(algorithm='kd_tree', leaf_size=191, n_neighbors=7,
                     weights='distance')}",0.866666666666667,0.933333333333333,0.9,0.9,0.933333333333333,0.906666666666667,0.0249443825784929,46
"3",2,0.0348290920257568,0.0137020932103604,0.0172986507415771,0.00828783689367163,"MinMaxScaler","KNNImputer","OneHotEncoder","distance",19,321,"ball_tree","KNeighborsClassifier","{'preprocessor__num__scaler': MinMaxScaler(), 'preprocessor__num__imputer': KNNImputer(n_neighbors=10), 'preprocessor__cat__encoder': OneHotEncoder(handle_unknown='ignore'), 'model__weights': 'distance', 'model__n_neighbors': 19, 'model__leaf_size': 321, 'model__algorithm': 'ball_tree', 'model': KNeighborsClassifier(algorithm='kd_tree', leaf_size=191, n_neighbors=7,
                     weights='distance')}",0.966666666666667,0.966666666666667,0.933333333333333,0.933333333333333,1,0.96,0.0249443825784929,3
"4",3,0.0240063667297363,0.0083416455690312,0.0221875667572021,0.0123054585963326,"StandardScaler","KNNImputer","OrdinalEncoder","distance",31,251,"kd_tree","KNeighborsClassifier","{'preprocessor__num__scaler': StandardScaler(), 'preprocessor__num__imputer': KNNImputer(), 'preprocessor__cat__encoder': OrdinalEncoder(handle_unknown='use_encoded_value', unknown_value=999), 'model__weights': 'distance', 'model__n_neighbors': 31, 'model__leaf_size': 251, 'model__algorithm': 'kd_tree', 'model': KNeighborsClassifier(algorithm='kd_tree', leaf_size=191, n_neighbors=7,
                     weights='distance')}",0.9,0.966666666666667,0.966666666666667,0.933333333333333,1,0.953333333333333,0.0339934634239519,17
"5",4,0.0473598003387451,0.00617886318507223,0.0390815258026123,0.00778384860711873,"StandardScaler","SimpleImputer","OneHotEncoder","uniform",25,256,"kd_tree","KNeighborsClassifier","{'preprocessor__num__scaler': StandardScaler(), 'preprocessor__num__imputer': SimpleImputer(), 'preprocessor__cat__encoder': OneHotEncoder(handle_unknown='ignore'), 'model__weights': 'uniform', 'model__n_neighbors': 25, 'model__leaf_size': 256, 'model__algorithm': 'kd_tree', 'model': KNeighborsClassifier(algorithm='kd_tree', leaf_size=191, n_neighbors=7,
                     weights='distance')}",0.9,0.966666666666667,0.933333333333333,0.9,1,0.94,0.038873012632302,38
"6",5,0.047338342666626,0.0076195661697278,0.0343137741088867,0.00759711583364553,"MinMaxScaler","SimpleImputer","OneHotEncoder","uniform",22,261,"ball_tree","KNeighborsClassifier","{'preprocessor__num__scaler': MinMaxScaler(), 'preprocessor__num__imputer': SimpleImputer(), 'preprocessor__cat__encoder': OneHotEncoder(handle_unknown='ignore'), 'model__weights': 'uniform', 'model__n_neighbors': 22, 'model__leaf_size': 261, 'model__algorithm': 'ball_tree', 'model': KNeighborsClassifier(algorithm='kd_tree', leaf_size=191, n_neighbors=7,
                     weights='distance')}",0.933333333333333,0.966666666666667,0.966666666666667,0.9,1,0.953333333333333,0.0339934634239519,17
"7",6,0.0398804664611816,0.00854372107155527,0.0316192626953125,0.0175217005371902,"MinMaxScaler","SimpleImputer","OneHotEncoder","uniform",34,56,"kd_tree","KNeighborsClassifier","{'preprocessor__num__scaler': MinMaxScaler(), 'preprocessor__num__imputer': SimpleImputer(strategy='most_frequent'), 'preprocessor__cat__encoder': OneHotEncoder(handle_unknown='ignore'), 'model__weights': 'uniform', 'model__n_neighbors': 34, 'model__leaf_size': 56, 'model__algorithm': 'kd_tree', 'model': KNeighborsClassifier(algorithm='kd_tree', leaf_size=191, n_neighbors=7,
                     weights='distance')}",0.966666666666667,0.966666666666667,0.966666666666667,0.9,1,0.96,0.032659863237109,3
"8",7,0.0494790554046631,0.0215826893500033,0.0350054264068604,0.0128403138566492,"MinMaxScaler","SimpleImputer","OrdinalEncoder","distance",22,66,"kd_tree","KNeighborsClassifier","{'preprocessor__num__scaler': MinMaxScaler(), 'preprocessor__num__imputer': SimpleImputer(), 'preprocessor__cat__encoder': OrdinalEncoder(handle_unknown='use_encoded_value', unknown_value=999), 'model__weights': 'distance', 'model__n_neighbors': 22, 'model__leaf_size': 66, 'model__algorithm': 'kd_tree', 'model': KNeighborsClassifier(algorithm='kd_tree', leaf_size=191, n_neighbors=7,
                     weights='distance')}",0.966666666666667,0.966666666666667,0.933333333333333,0.9,1,0.953333333333333,0.0339934634239519,17
"9",8,0.0298635959625244,0.0188143321580229,0.0337985515594482,0.0254258308729171,"MinMaxScaler","SimpleImputer","OrdinalEncoder","distance",49,311,"kd_tree","KNeighborsClassifier","{'preprocessor__num__scaler': MinMaxScaler(), 'preprocessor__num__imputer': SimpleImputer(), 'preprocessor__cat__encoder': OrdinalEncoder(handle_unknown='use_encoded_value', unknown_value=999), 'model__weights': 'distance', 'model__n_neighbors': 49, 'model__leaf_size': 311, 'model__algorithm': 'kd_tree', 'model': KNeighborsClassifier(algorithm='kd_tree', leaf_size=191, n_neighbors=7,
                     weights='distance')}",0.966666666666667,0.966666666666667,0.933333333333333,0.933333333333333,1,0.96,0.0249443825784929,3
"10",9,0.0217765808105469,0.0102991669320445,0.0141372680664062,0.00570535437611378,"StandardScaler","SimpleImputer","OrdinalEncoder","distance",16,186,"ball_tree","KNeighborsClassifier","{'preprocessor__num__scaler': StandardScaler(), 'preprocessor__num__imputer': SimpleImputer(), 'preprocessor__cat__encoder': OrdinalEncoder(handle_unknown='use_encoded_value', unknown_value=999), 'model__weights': 'distance', 'model__n_neighbors': 16, 'model__leaf_size': 186, 'model__algorithm': 'ball_tree', 'model': KNeighborsClassifier(algorithm='kd_tree', leaf_size=191, n_neighbors=7,
                     weights='distance')}",0.966666666666667,0.966666666666667,0.933333333333333,0.933333333333333,1,0.96,0.0249443825784929,3
"11",10,0.037794303894043,0.0156773499875295,0.0231805801391602,0.0116749967377462,"StandardScaler","KNNImputer","OneHotEncoder","distance",37,246,"kd_tree","KNeighborsClassifier","{'preprocessor__num__scaler': StandardScaler(), 'preprocessor__num__imputer': KNNImputer(), 'preprocessor__cat__encoder': OneHotEncoder(handle_unknown='ignore'), 'model__weights': 'distance', 'model__n_neighbors': 37, 'model__leaf_size': 246, 'model__algorithm': 'kd_tree', 'model': KNeighborsClassifier(algorithm='kd_tree', leaf_size=191, n_neighbors=7,
                     weights='distance')}",0.9,0.933333333333333,0.966666666666667,0.933333333333333,1,0.946666666666667,0.0339934634239519,30
"12",11,0.0465829849243164,0.012305558780553,0.0188799858093262,0.00618152764987537,"MinMaxScaler","SimpleImputer","OneHotEncoder","distance",13,156,"ball_tree","KNeighborsClassifier","{'preprocessor__num__scaler': MinMaxScaler(), 'preprocessor__num__imputer': SimpleImputer(strategy='most_frequent'), 'preprocessor__cat__encoder': OneHotEncoder(handle_unknown='ignore'), 'model__weights': 'distance', 'model__n_neighbors': 13, 'model__leaf_size': 156, 'model__algorithm': 'ball_tree', 'model': KNeighborsClassifier(algorithm='kd_tree', leaf_size=191, n_neighbors=7,
                     weights='distance')}",0.966666666666667,0.966666666666667,0.966666666666667,0.9,1,0.96,0.032659863237109,3
"13",12,0.0235842227935791,0.0067398919438794,0.0112814903259277,0.00432738348977324,"StandardScaler","KNNImputer","OrdinalEncoder","distance",31,246,"kd_tree","KNeighborsClassifier","{'preprocessor__num__scaler': StandardScaler(), 'preprocessor__num__imputer': KNNImputer(), 'preprocessor__cat__encoder': OrdinalEncoder(handle_unknown='use_encoded_value', unknown_value=999), 'model__weights': 'distance', 'model__n_neighbors': 31, 'model__leaf_size': 246, 'model__algorithm': 'kd_tree', 'model': KNeighborsClassifier(algorithm='kd_tree', leaf_size=191, n_neighbors=7,
                     weights='distance')}",0.9,0.966666666666667,0.966666666666667,0.933333333333333,1,0.953333333333333,0.0339934634239519,17
"14",13,0.0263863563537598,0.0124693352191596,0.0157925605773926,0.0138115106435918,"MinMaxScaler","KNNImputer","OneHotEncoder","distance",1,131,"ball_tree","KNeighborsClassifier","{'preprocessor__num__scaler': MinMaxScaler(), 'preprocessor__num__imputer': KNNImputer(), 'preprocessor__cat__encoder': OneHotEncoder(handle_unknown='ignore'), 'model__weights': 'distance', 'model__n_neighbors': 1, 'model__leaf_size': 131, 'model__algorithm': 'ball_tree', 'model': KNeighborsClassifier(algorithm='kd_tree', leaf_size=191, n_neighbors=7,
                     weights='distance')}",0.966666666666667,0.966666666666667,0.933333333333333,0.9,1,0.953333333333333,0.0339934634239519,17
"15",14,0.0378051280975342,0.0166256651135527,0.0258982181549072,0.0105346440204588,"StandardScaler","KNNImputer","OrdinalEncoder","uniform",37,326,"kd_tree","KNeighborsClassifier","{'preprocessor__num__scaler': StandardScaler(), 'preprocessor__num__imputer': KNNImputer(), 'preprocessor__cat__encoder': OrdinalEncoder(handle_unknown='use_encoded_value', unknown_value=999), 'model__weights': 'uniform', 'model__n_neighbors': 37, 'model__leaf_size': 326, 'model__algorithm': 'kd_tree', 'model': KNeighborsClassifier(algorithm='kd_tree', leaf_size=191, n_neighbors=7,
                     weights='distance')}",0.866666666666667,0.933333333333333,0.866666666666667,0.9,0.966666666666667,0.906666666666667,0.038873012632302,46
"16",15,0.0271120071411133,0.00827632541331884,0.0180627346038818,0.0106450539838265,"StandardScaler","SimpleImputer","OneHotEncoder","distance",7,191,"kd_tree","KNeighborsClassifier","{'preprocessor__num__scaler': StandardScaler(), 'preprocessor__num__imputer': SimpleImputer(), 'preprocessor__cat__encoder': OneHotEncoder(handle_unknown='ignore'), 'model__weights': 'distance', 'model__n_neighbors': 7, 'model__leaf_size': 191, 'model__algorithm': 'kd_tree', 'model': KNeighborsClassifier(algorithm='kd_tree', leaf_size=191, n_neighbors=7,
                     weights='distance')}",0.966666666666667,0.966666666666667,0.966666666666667,0.933333333333333,1,0.966666666666667,0.0210818510677892,1
"17",16,0.0289612770080566,0.0044948138216679,0.0211938381195068,0.00786594571811988,"MinMaxScaler","SimpleImputer","OrdinalEncoder","distance",40,121,"ball_tree","KNeighborsClassifier","{'preprocessor__num__scaler': MinMaxScaler(), 'preprocessor__num__imputer': SimpleImputer(), 'preprocessor__cat__encoder': OrdinalEncoder(handle_unknown='use_encoded_value', unknown_value=999), 'model__weights': 'distance', 'model__n_neighbors': 40, 'model__leaf_size': 121, 'model__algorithm': 'ball_tree', 'model': KNeighborsClassifier(algorithm='kd_tree', leaf_size=191, n_neighbors=7,
                     weights='distance')}",0.966666666666667,0.966666666666667,0.933333333333333,0.933333333333333,1,0.96,0.0249443825784929,3
"18",17,0.031154203414917,0.00881718127130991,0.0168399810791016,0.00357116476954275,"StandardScaler","SimpleImputer","OrdinalEncoder","uniform",28,96,"kd_tree","KNeighborsClassifier","{'preprocessor__num__scaler': StandardScaler(), 'preprocessor__num__imputer': SimpleImputer(), 'preprocessor__cat__encoder': OrdinalEncoder(handle_unknown='use_encoded_value', unknown_value=999), 'model__weights': 'uniform', 'model__n_neighbors': 28, 'model__leaf_size': 96, 'model__algorithm': 'kd_tree', 'model': KNeighborsClassifier(algorithm='kd_tree', leaf_size=191, n_neighbors=7,
                     weights='distance')}",0.9,0.966666666666667,0.866666666666667,0.9,1,0.926666666666667,0.0489897948556636,42
"19",18,0.0324120998382568,0.0079614050413404,0.0214582443237305,0.00394897561410927,"StandardScaler","SimpleImputer","OrdinalEncoder","uniform",43,236,"kd_tree","KNeighborsClassifier","{'preprocessor__num__scaler': StandardScaler(), 'preprocessor__num__imputer': SimpleImputer(), 'preprocessor__cat__encoder': OrdinalEncoder(handle_unknown='use_encoded_value', unknown_value=999), 'model__weights': 'uniform', 'model__n_neighbors': 43, 'model__leaf_size': 236, 'model__algorithm': 'kd_tree', 'model': KNeighborsClassifier(algorithm='kd_tree', leaf_size=191, n_neighbors=7,
                     weights='distance')}",0.833333333333333,0.933333333333333,0.833333333333333,0.866666666666667,0.9,0.873333333333333,0.038873012632302,49
"20",19,0.0250230312347412,0.011880743576911,0.0170414447784424,0.00678520257995615,"MinMaxScaler","KNNImputer","OneHotEncoder","uniform",22,216,"ball_tree","KNeighborsClassifier","{'preprocessor__num__scaler': MinMaxScaler(), 'preprocessor__num__imputer': KNNImputer(n_neighbors=10), 'preprocessor__cat__encoder': OneHotEncoder(handle_unknown='ignore'), 'model__weights': 'uniform', 'model__n_neighbors': 22, 'model__leaf_size': 216, 'model__algorithm': 'ball_tree', 'model': KNeighborsClassifier(algorithm='kd_tree', leaf_size=191, n_neighbors=7,
                     weights='distance')}",0.933333333333333,0.966666666666667,0.966666666666667,0.9,1,0.953333333333333,0.0339934634239519,17
"21",20,0.0216620445251465,0.00912614808028954,0.0131392955780029,0.00423479010239733,"StandardScaler","KNNImputer","OneHotEncoder","uniform",25,281,"ball_tree","KNeighborsClassifier","{'preprocessor__num__scaler': StandardScaler(), 'preprocessor__num__imputer': KNNImputer(n_neighbors=10), 'preprocessor__cat__encoder': OneHotEncoder(handle_unknown='ignore'), 'model__weights': 'uniform', 'model__n_neighbors': 25, 'model__leaf_size': 281, 'model__algorithm': 'ball_tree', 'model': KNeighborsClassifier(algorithm='kd_tree', leaf_size=191, n_neighbors=7,
                     weights='distance')}",0.9,0.966666666666667,0.933333333333333,0.9,1,0.94,0.038873012632302,38
"22",21,0.0264554023742676,0.00532538420705622,0.0172419548034668,0.00352470107706901,"StandardScaler","KNNImputer","OneHotEncoder","distance",46,166,"ball_tree","KNeighborsClassifier","{'preprocessor__num__scaler': StandardScaler(), 'preprocessor__num__imputer': KNNImputer(), 'preprocessor__cat__encoder': OneHotEncoder(handle_unknown='ignore'), 'model__weights': 'distance', 'model__n_neighbors': 46, 'model__leaf_size': 166, 'model__algorithm': 'ball_tree', 'model': KNeighborsClassifier(algorithm='kd_tree', leaf_size=191, n_neighbors=7,
                     weights='distance')}",0.866666666666667,0.933333333333333,0.933333333333333,0.933333333333333,1,0.933333333333333,0.0421637021355784,41
"23",22,0.0276689529418945,0.00904935994087426,0.0222957611083984,0.00804164327552963,"MinMaxScaler","KNNImputer","OneHotEncoder","uniform",34,26,"kd_tree","KNeighborsClassifier","{'preprocessor__num__scaler': MinMaxScaler(), 'preprocessor__num__imputer': KNNImputer(n_neighbors=10), 'preprocessor__cat__encoder': OneHotEncoder(handle_unknown='ignore'), 'model__weights': 'uniform', 'model__n_neighbors': 34, 'model__leaf_size': 26, 'model__algorithm': 'kd_tree', 'model': KNeighborsClassifier(algorithm='kd_tree', leaf_size=191, n_neighbors=7,
                     weights='distance')}",0.966666666666667,0.966666666666667,0.966666666666667,0.9,1,0.96,0.032659863237109,3
"24",23,0.0185072422027588,0.00762457536694784,0.0201173782348633,0.00709700989868062,"MinMaxScaler","KNNImputer","OrdinalEncoder","uniform",7,51,"ball_tree","KNeighborsClassifier","{'preprocessor__num__scaler': MinMaxScaler(), 'preprocessor__num__imputer': KNNImputer(), 'preprocessor__cat__encoder': OrdinalEncoder(handle_unknown='use_encoded_value', unknown_value=999), 'model__weights': 'uniform', 'model__n_neighbors': 7, 'model__leaf_size': 51, 'model__algorithm': 'ball_tree', 'model': KNeighborsClassifier(algorithm='kd_tree', leaf_size=191, n_neighbors=7,
                     weights='distance')}",0.966666666666667,0.966666666666667,0.966666666666667,0.9,1,0.96,0.032659863237109,3
"25",24,0.0230268478393555,0.00306090832513908,0.0237002372741699,0.0109415002088635,"StandardScaler","KNNImputer","OneHotEncoder","uniform",40,341,"ball_tree","KNeighborsClassifier","{'preprocessor__num__scaler': StandardScaler(), 'preprocessor__num__imputer': KNNImputer(n_neighbors=10), 'preprocessor__cat__encoder': OneHotEncoder(handle_unknown='ignore'), 'model__weights': 'uniform', 'model__n_neighbors': 40, 'model__leaf_size': 341, 'model__algorithm': 'ball_tree', 'model': KNeighborsClassifier(algorithm='kd_tree', leaf_size=191, n_neighbors=7,
                     weights='distance')}",0.866666666666667,0.933333333333333,0.8,0.866666666666667,0.9,0.873333333333333,0.0442216638714053,49
"26",25,0.0246306419372559,0.00905928392608579,0.0211447238922119,0.00529500561836005,"MinMaxScaler","KNNImputer","OrdinalEncoder","uniform",19,96,"ball_tree","KNeighborsClassifier","{'preprocessor__num__scaler': MinMaxScaler(), 'preprocessor__num__imputer': KNNImputer(n_neighbors=10), 'preprocessor__cat__encoder': OrdinalEncoder(handle_unknown='use_encoded_value', unknown_value=999), 'model__weights': 'uniform', 'model__n_neighbors': 19, 'model__leaf_size': 96, 'model__algorithm': 'ball_tree', 'model': KNeighborsClassifier(algorithm='kd_tree', leaf_size=191, n_neighbors=7,
                     weights='distance')}",0.933333333333333,0.966666666666667,0.933333333333333,0.933333333333333,1,0.953333333333333,0.0266666666666667,17
"27",26,0.0304900169372559,0.00616734620758855,0.0152238368988037,0.00428824732937155,"StandardScaler","KNNImputer","OneHotEncoder","distance",22,156,"kd_tree","KNeighborsClassifier","{'preprocessor__num__scaler': StandardScaler(), 'preprocessor__num__imputer': KNNImputer(), 'preprocessor__cat__encoder': OneHotEncoder(handle_unknown='ignore'), 'model__weights': 'distance', 'model__n_neighbors': 22, 'model__leaf_size': 156, 'model__algorithm': 'kd_tree', 'model': KNeighborsClassifier(algorithm='kd_tree', leaf_size=191, n_neighbors=7,
                     weights='distance')}",0.933333333333333,0.966666666666667,0.966666666666667,0.9,1,0.953333333333333,0.0339934634239519,17
"28",27,0.0280937194824219,0.00708908045654205,0.0266728401184082,0.0108852037587918,"MinMaxScaler","SimpleImputer","OneHotEncoder","uniform",19,276,"kd_tree","KNeighborsClassifier","{'preprocessor__num__scaler': MinMaxScaler(), 'preprocessor__num__imputer': SimpleImputer(), 'preprocessor__cat__encoder': OneHotEncoder(handle_unknown='ignore'), 'model__weights': 'uniform', 'model__n_neighbors': 19, 'model__leaf_size': 276, 'model__algorithm': 'kd_tree', 'model': KNeighborsClassifier(algorithm='kd_tree', leaf_size=191, n_neighbors=7,
                     weights='distance')}",0.933333333333333,0.966666666666667,0.933333333333333,0.933333333333333,1,0.953333333333333,0.0266666666666667,17
"29",28,0.027730131149292,0.00906411964985675,0.0178874969482422,0.00665184106884695,"StandardScaler","SimpleImputer","OneHotEncoder","uniform",37,186,"kd_tree","KNeighborsClassifier","{'preprocessor__num__scaler': StandardScaler(), 'preprocessor__num__imputer': SimpleImputer(), 'preprocessor__cat__encoder': OneHotEncoder(handle_unknown='ignore'), 'model__weights': 'uniform', 'model__n_neighbors': 37, 'model__leaf_size': 186, 'model__algorithm': 'kd_tree', 'model': KNeighborsClassifier(algorithm='kd_tree', leaf_size=191, n_neighbors=7,
                     weights='distance')}",0.866666666666667,0.933333333333333,0.866666666666667,0.9,0.966666666666667,0.906666666666667,0.038873012632302,46
"30",29,0.0197707176208496,0.00205936092485249,0.0135929584503174,0.00223882610042942,"MinMaxScaler","KNNImputer","OrdinalEncoder","distance",22,56,"kd_tree","KNeighborsClassifier","{'preprocessor__num__scaler': MinMaxScaler(), 'preprocessor__num__imputer': KNNImputer(), 'preprocessor__cat__encoder': OrdinalEncoder(handle_unknown='use_encoded_value', unknown_value=999), 'model__weights': 'distance', 'model__n_neighbors': 22, 'model__leaf_size': 56, 'model__algorithm': 'kd_tree', 'model': KNeighborsClassifier(algorithm='kd_tree', leaf_size=191, n_neighbors=7,
                     weights='distance')}",0.966666666666667,0.966666666666667,0.933333333333333,0.9,1,0.953333333333333,0.0339934634239519,17
"31",30,0.0246211528778076,0.0091097615303856,0.0209511756896973,0.00555144884696823,"StandardScaler","KNNImputer","OneHotEncoder","uniform",13,176,"kd_tree","KNeighborsClassifier","{'preprocessor__num__scaler': StandardScaler(), 'preprocessor__num__imputer': KNNImputer(), 'preprocessor__cat__encoder': OneHotEncoder(handle_unknown='ignore'), 'model__weights': 'uniform', 'model__n_neighbors': 13, 'model__leaf_size': 176, 'model__algorithm': 'kd_tree', 'model': KNeighborsClassifier(algorithm='kd_tree', leaf_size=191, n_neighbors=7,
                     weights='distance')}",0.9,0.966666666666667,0.933333333333333,0.933333333333333,1,0.946666666666667,0.0339934634239519,30
"32",31,0.0248855113983154,0.00240456798376596,0.0132509231567383,0.00501283760562326,"MinMaxScaler","SimpleImputer","OneHotEncoder","distance",19,31,"kd_tree","KNeighborsClassifier","{'preprocessor__num__scaler': MinMaxScaler(), 'preprocessor__num__imputer': SimpleImputer(), 'preprocessor__cat__encoder': OneHotEncoder(handle_unknown='ignore'), 'model__weights': 'distance', 'model__n_neighbors': 19, 'model__leaf_size': 31, 'model__algorithm': 'kd_tree', 'model': KNeighborsClassifier(algorithm='kd_tree', leaf_size=191, n_neighbors=7,
                     weights='distance')}",0.966666666666667,0.966666666666667,0.933333333333333,0.933333333333333,1,0.96,0.0249443825784929,3
"33",32,0.0167972087860107,0.00338251052419905,0.0160033702850342,0.00898939658929796,"StandardScaler","KNNImputer","OneHotEncoder","uniform",10,71,"kd_tree","KNeighborsClassifier","{'preprocessor__num__scaler': StandardScaler(), 'preprocessor__num__imputer': KNNImputer(), 'preprocessor__cat__encoder': OneHotEncoder(handle_unknown='ignore'), 'model__weights': 'uniform', 'model__n_neighbors': 10, 'model__leaf_size': 71, 'model__algorithm': 'kd_tree', 'model': KNeighborsClassifier(algorithm='kd_tree', leaf_size=191, n_neighbors=7,
                     weights='distance')}",0.966666666666667,0.966666666666667,0.966666666666667,0.933333333333333,0.966666666666667,0.96,0.0133333333333333,3
"34",33,0.022076416015625,0.00795346272500296,0.0134828090667725,0.00767971755944928,"StandardScaler","KNNImputer","OneHotEncoder","uniform",4,291,"ball_tree","KNeighborsClassifier","{'preprocessor__num__scaler': StandardScaler(), 'preprocessor__num__imputer': KNNImputer(), 'preprocessor__cat__encoder': OneHotEncoder(handle_unknown='ignore'), 'model__weights': 'uniform', 'model__n_neighbors': 4, 'model__leaf_size': 291, 'model__algorithm': 'ball_tree', 'model': KNeighborsClassifier(algorithm='kd_tree', leaf_size=191, n_neighbors=7,
                     weights='distance')}",0.966666666666667,0.966666666666667,1,0.866666666666667,0.966666666666667,0.953333333333333,0.0452155332208351,17
"35",34,0.0158706665039062,0.00517269129540328,0.00972671508789063,0.00567040694135083,"MinMaxScaler","SimpleImputer","OneHotEncoder","distance",1,116,"ball_tree","KNeighborsClassifier","{'preprocessor__num__scaler': MinMaxScaler(), 'preprocessor__num__imputer': SimpleImputer(), 'preprocessor__cat__encoder': OneHotEncoder(handle_unknown='ignore'), 'model__weights': 'distance', 'model__n_neighbors': 1, 'model__leaf_size': 116, 'model__algorithm': 'ball_tree', 'model': KNeighborsClassifier(algorithm='kd_tree', leaf_size=191, n_neighbors=7,
                     weights='distance')}",0.966666666666667,0.966666666666667,0.933333333333333,0.9,1,0.953333333333333,0.0339934634239519,17
"36",35,0.0215704917907715,0.00735385572714769,0.0148464679718018,0.00543241464649925,"StandardScaler","KNNImputer","OrdinalEncoder","uniform",19,71,"kd_tree","KNeighborsClassifier","{'preprocessor__num__scaler': StandardScaler(), 'preprocessor__num__imputer': KNNImputer(), 'preprocessor__cat__encoder': OrdinalEncoder(handle_unknown='use_encoded_value', unknown_value=999), 'model__weights': 'uniform', 'model__n_neighbors': 19, 'model__leaf_size': 71, 'model__algorithm': 'kd_tree', 'model': KNeighborsClassifier(algorithm='kd_tree', leaf_size=191, n_neighbors=7,
                     weights='distance')}",0.9,0.966666666666667,0.933333333333333,0.933333333333333,1,0.946666666666667,0.0339934634239519,30
"37",36,0.0231892585754395,0.0059960967847912,0.0210812091827393,0.00957167020002076,"StandardScaler","KNNImputer","OneHotEncoder","uniform",22,341,"kd_tree","KNeighborsClassifier","{'preprocessor__num__scaler': StandardScaler(), 'preprocessor__num__imputer': KNNImputer(), 'preprocessor__cat__encoder': OneHotEncoder(handle_unknown='ignore'), 'model__weights': 'uniform', 'model__n_neighbors': 22, 'model__leaf_size': 341, 'model__algorithm': 'kd_tree', 'model': KNeighborsClassifier(algorithm='kd_tree', leaf_size=191, n_neighbors=7,
                     weights='distance')}",0.9,0.966666666666667,0.933333333333333,0.9,1,0.94,0.038873012632302,38
"38",37,0.0311472415924072,0.00377812762326028,0.0152962684631348,0.00431981842965089,"MinMaxScaler","SimpleImputer","OrdinalEncoder","uniform",7,26,"kd_tree","KNeighborsClassifier","{'preprocessor__num__scaler': MinMaxScaler(), 'preprocessor__num__imputer': SimpleImputer(strategy='most_frequent'), 'preprocessor__cat__encoder': OrdinalEncoder(handle_unknown='use_encoded_value', unknown_value=999), 'model__weights': 'uniform', 'model__n_neighbors': 7, 'model__leaf_size': 26, 'model__algorithm': 'kd_tree', 'model': KNeighborsClassifier(algorithm='kd_tree', leaf_size=191, n_neighbors=7,
                     weights='distance')}",0.966666666666667,0.966666666666667,0.966666666666667,0.9,1,0.96,0.032659863237109,3
"39",38,0.020933198928833,0.00359113929701898,0.0157105445861816,0.00528876747752673,"MinMaxScaler","KNNImputer","OneHotEncoder","distance",7,256,"ball_tree","KNeighborsClassifier","{'preprocessor__num__scaler': MinMaxScaler(), 'preprocessor__num__imputer': KNNImputer(), 'preprocessor__cat__encoder': OneHotEncoder(handle_unknown='ignore'), 'model__weights': 'distance', 'model__n_neighbors': 7, 'model__leaf_size': 256, 'model__algorithm': 'ball_tree', 'model': KNeighborsClassifier(algorithm='kd_tree', leaf_size=191, n_neighbors=7,
                     weights='distance')}",0.966666666666667,0.966666666666667,0.933333333333333,0.9,1,0.953333333333333,0.0339934634239519,17
"40",39,0.0177029132843018,0.00426586546919409,0.009759521484375,0.00495808746937274,"StandardScaler","SimpleImputer","OrdinalEncoder","distance",19,171,"ball_tree","KNeighborsClassifier","{'preprocessor__num__scaler': StandardScaler(), 'preprocessor__num__imputer': SimpleImputer(), 'preprocessor__cat__encoder': OrdinalEncoder(handle_unknown='use_encoded_value', unknown_value=999), 'model__weights': 'distance', 'model__n_neighbors': 19, 'model__leaf_size': 171, 'model__algorithm': 'ball_tree', 'model': KNeighborsClassifier(algorithm='kd_tree', leaf_size=191, n_neighbors=7,
                     weights='distance')}",0.966666666666667,0.966666666666667,0.933333333333333,0.933333333333333,1,0.96,0.0249443825784929,3
"41",40,0.0347690582275391,0.0139722449918471,0.0316764831542969,0.0154583897122925,"MinMaxScaler","KNNImputer","OrdinalEncoder","uniform",43,226,"kd_tree","KNeighborsClassifier","{'preprocessor__num__scaler': MinMaxScaler(), 'preprocessor__num__imputer': KNNImputer(n_neighbors=10), 'preprocessor__cat__encoder': OrdinalEncoder(handle_unknown='use_encoded_value', unknown_value=999), 'model__weights': 'uniform', 'model__n_neighbors': 43, 'model__leaf_size': 226, 'model__algorithm': 'kd_tree', 'model': KNeighborsClassifier(algorithm='kd_tree', leaf_size=191, n_neighbors=7,
                     weights='distance')}",0.9,0.933333333333333,0.933333333333333,0.9,0.966666666666667,0.926666666666667,0.0249443825784929,42
"42",41,0.0260510444641113,0.00850285769062146,0.0111252307891846,0.00395932201791717,"MinMaxScaler","SimpleImputer","OrdinalEncoder","distance",13,266,"kd_tree","KNeighborsClassifier","{'preprocessor__num__scaler': MinMaxScaler(), 'preprocessor__num__imputer': SimpleImputer(), 'preprocessor__cat__encoder': OrdinalEncoder(handle_unknown='use_encoded_value', unknown_value=999), 'model__weights': 'distance', 'model__n_neighbors': 13, 'model__leaf_size': 266, 'model__algorithm': 'kd_tree', 'model': KNeighborsClassifier(algorithm='kd_tree', leaf_size=191, n_neighbors=7,
                     weights='distance')}",0.966666666666667,0.966666666666667,0.966666666666667,0.9,1,0.96,0.032659863237109,3
"43",42,0.0326281547546387,0.00851660564498234,0.0242271423339844,0.00960281932792133,"StandardScaler","SimpleImputer","OrdinalEncoder","distance",43,16,"kd_tree","KNeighborsClassifier","{'preprocessor__num__scaler': StandardScaler(), 'preprocessor__num__imputer': SimpleImputer(strategy='most_frequent'), 'preprocessor__cat__encoder': OrdinalEncoder(handle_unknown='use_encoded_value', unknown_value=999), 'model__weights': 'distance', 'model__n_neighbors': 43, 'model__leaf_size': 16, 'model__algorithm': 'kd_tree', 'model': KNeighborsClassifier(algorithm='kd_tree', leaf_size=191, n_neighbors=7,
                     weights='distance')}",0.9,0.933333333333333,0.966666666666667,0.933333333333333,1,0.946666666666667,0.0339934634239519,30
"44",43,0.0131260871887207,0.00210668715475131,0.0194631099700928,0.0143099088371463,"StandardScaler","KNNImputer","OneHotEncoder","distance",49,91,"ball_tree","KNeighborsClassifier","{'preprocessor__num__scaler': StandardScaler(), 'preprocessor__num__imputer': KNNImputer(n_neighbors=10), 'preprocessor__cat__encoder': OneHotEncoder(handle_unknown='ignore'), 'model__weights': 'distance', 'model__n_neighbors': 49, 'model__leaf_size': 91, 'model__algorithm': 'ball_tree', 'model': KNeighborsClassifier(algorithm='kd_tree', leaf_size=191, n_neighbors=7,
                     weights='distance')}",0.9,0.933333333333333,0.966666666666667,0.933333333333333,1,0.946666666666667,0.0339934634239519,30
"45",44,0.0279621124267578,0.00469462439622193,0.0195500373840332,0.00591314450498739,"StandardScaler","SimpleImputer","OrdinalEncoder","distance",40,221,"kd_tree","KNeighborsClassifier","{'preprocessor__num__scaler': StandardScaler(), 'preprocessor__num__imputer': SimpleImputer(), 'preprocessor__cat__encoder': OrdinalEncoder(handle_unknown='use_encoded_value', unknown_value=999), 'model__weights': 'distance', 'model__n_neighbors': 40, 'model__leaf_size': 221, 'model__algorithm': 'kd_tree', 'model': KNeighborsClassifier(algorithm='kd_tree', leaf_size=191, n_neighbors=7,
                     weights='distance')}",0.9,0.933333333333333,0.966666666666667,0.933333333333333,1,0.946666666666667,0.0339934634239519,30
"46",45,0.0331080913543701,0.00231935848323944,0.0190402507781982,0.00279347672486751,"StandardScaler","SimpleImputer","OneHotEncoder","uniform",31,71,"ball_tree","KNeighborsClassifier","{'preprocessor__num__scaler': StandardScaler(), 'preprocessor__num__imputer': SimpleImputer(strategy='most_frequent'), 'preprocessor__cat__encoder': OneHotEncoder(handle_unknown='ignore'), 'model__weights': 'uniform', 'model__n_neighbors': 31, 'model__leaf_size': 71, 'model__algorithm': 'ball_tree', 'model': KNeighborsClassifier(algorithm='kd_tree', leaf_size=191, n_neighbors=7,
                     weights='distance')}",0.9,0.966666666666667,0.866666666666667,0.9,1,0.926666666666667,0.0489897948556636,42
"47",46,0.0119720935821533,0.000295663671082579,0.00699481964111328,0.000255005923066932,"StandardScaler","KNNImputer","OneHotEncoder","distance",1,341,"ball_tree","KNeighborsClassifier","{'preprocessor__num__scaler': StandardScaler(), 'preprocessor__num__imputer': KNNImputer(), 'preprocessor__cat__encoder': OneHotEncoder(handle_unknown='ignore'), 'model__weights': 'distance', 'model__n_neighbors': 1, 'model__leaf_size': 341, 'model__algorithm': 'ball_tree', 'model': KNeighborsClassifier(algorithm='kd_tree', leaf_size=191, n_neighbors=7,
                     weights='distance')}",0.933333333333333,0.966666666666667,0.933333333333333,0.9,1,0.946666666666667,0.0339934634239519,37
"48",47,0.0179855346679688,0.00576087586312119,0.0121858596801758,0.0063762712692576,"MinMaxScaler","KNNImputer","OrdinalEncoder","distance",37,196,"ball_tree","KNeighborsClassifier","{'preprocessor__num__scaler': MinMaxScaler(), 'preprocessor__num__imputer': KNNImputer(n_neighbors=10), 'preprocessor__cat__encoder': OrdinalEncoder(handle_unknown='use_encoded_value', unknown_value=999), 'model__weights': 'distance', 'model__n_neighbors': 37, 'model__leaf_size': 196, 'model__algorithm': 'ball_tree', 'model': KNeighborsClassifier(algorithm='kd_tree', leaf_size=191, n_neighbors=7,
                     weights='distance')}",0.966666666666667,0.966666666666667,0.966666666666667,0.933333333333333,1,0.966666666666667,0.0210818510677892,1
"49",48,0.0164571285247803,0.00570317383517321,0.0152057647705078,0.0101352014931601,"MinMaxScaler","SimpleImputer","OneHotEncoder","uniform",46,156,"kd_tree","KNeighborsClassifier","{'preprocessor__num__scaler': MinMaxScaler(), 'preprocessor__num__imputer': SimpleImputer(), 'preprocessor__cat__encoder': OneHotEncoder(handle_unknown='ignore'), 'model__weights': 'uniform', 'model__n_neighbors': 46, 'model__leaf_size': 156, 'model__algorithm': 'kd_tree', 'model': KNeighborsClassifier(algorithm='kd_tree', leaf_size=191, n_neighbors=7,
                     weights='distance')}",0.866666666666667,0.933333333333333,0.933333333333333,0.9,0.933333333333333,0.913333333333333,0.0266666666666667,45
"50",49,0.0148359775543213,0.00387205344641109,0.00887889862060547,0.00257071157396444,"MinMaxScaler","KNNImputer","OneHotEncoder","distance",40,11,"kd_tree","KNeighborsClassifier","{'preprocessor__num__scaler': MinMaxScaler(), 'preprocessor__num__imputer': KNNImputer(n_neighbors=10), 'preprocessor__cat__encoder': OneHotEncoder(handle_unknown='ignore'), 'model__weights': 'distance', 'model__n_neighbors': 40, 'model__leaf_size': 11, 'model__algorithm': 'kd_tree', 'model': KNeighborsClassifier(algorithm='kd_tree', leaf_size=191, n_neighbors=7,
                     weights='distance')}",0.966666666666667,0.966666666666667,0.933333333333333,0.933333333333333,1,0.96,0.0249443825784929,3
